Designator,Footprint,Quantity,Value,LCSC Part #
C1,C_Disc_D4.3mm_W1.9mm_P5.00mm,1,100nF,
C2,C_Disc_D4.3mm_W1.9mm_P5.00mm,1,330nF,
C3,C_Disc_D4.3mm_W1.9mm_P5.00mm,1,"2,2uF",
"D1, D2",D_DO-34_SOD68_P7.62mm_Horizontal,2,D_Schottky,
J1,Molex_Mini-Fit_Jr_5569-10A2_2x05_P4.20mm_Horizontal,1,Conn_01x10,
"JP1, JP2",SolderJumper-2_P1.3mm_Open_TrianglePad1.0x1.5mm,2,SolderJumper_2_Open,
Q1,TO-220-3_Vertical,1,FQP20N60,
"R1, R2, R3_2, R3",R_Axial_DIN0204_L3.6mm_D1.6mm_P7.62mm_Horizontal,4,1k,
R4,R_Axial_DIN0204_L3.6mm_D1.6mm_P7.62mm_Horizontal,1,30k,
R5,R_Axial_DIN0204_L3.6mm_D1.6mm_P7.62mm_Horizontal,1,3,
"RV1, RV2",Potentiometer_Bourns_3386F_Vertical,2,R_Potentiometer_Trim,
U1,D1_mini_board,1,D1Mini,
U2,TO-220-3_Vertical,1,LM7805_TO220,
"U3, U4",DIP-4_W7.62mm,2,PC817,
U5,DIP-8_W7.62mm,1,TC4422,
