﻿Designator,Footprint,Quantity,Value,LCSC Part #
"C1, C5",1206,2,100nF,
C2,1206,1,330nF,
C3,1206,1,2.2uF,
C4,CP_Radial_D10.0mm_P7.50mm,1,1000uF_50V,
"D1, D2",D_SMA,2,BYG21M,
J1,Molex_Mini-Fit_Jr_5569-10A2_2x05_P4.20mm_Horizontal,1,Conn_01x10,
Q1,TO-263-2,1,IRLZ44N,
R1,0201,1,100k,
R10,0201,1,2k,
"R2, R8, R9",0201,3,1k,
R3,0201,1,3k,
"R4, R7",0201,2,30k,
R5,0201,1,4.7k,
R6,0201,1,10k,
U1,D1_mini_board,1,D1Mini,
U2,SOT-23-6,1,ZXGD3003E6,
U3,DIP-8_W7.62mm_LongPads,1,LMC662AIN,
U5,SOP-4_4.4x2.6mm_P1.27mm,1,ACPL-214-500E,
U6,SOT-223-3_TabPin2,1,LM7805MP,
